id;name;surname;department;age
1;calculate Investment Account;Soft Investment Account port;innovative Realigned;45464
2;deposit;frame Wooden;interfaces Handmade;21024
3;bypassing Home Indiana;Sleek;monitor payment Switchable;2909
4;Berkshire Isle;cross-platform;Unbranded Granite Bacon;54645
5;National;Games Singapore;Connecticut Berkshire Wooden;33970
6;Concrete;Codes specifically reserved for testing purposes lime;Jersey frictionless;95730
7;calculate Concrete Soap;Marketing interface;Sausages;36755
8;Norfolk Island Kiribati lavender;Plastic Movies;payment Infrastructure;24520
9;Small Concrete Chicken;Won Bacon invoice;white;18263
10;Forward Shoes;Concrete;1080p;4028
